<?xml version="1.0" encoding="UTF-8"?>
<CustomField xmlns="http://soap.sforce.com/2006/04/metadata">
    <fullName>Delivered__c</fullName>
    <externalId>false</externalId>
    <label>Delivered</label>
    <required>false</required>
    <trackTrending>false</trackTrending>
    <type>Picklist</type>
    <valueSet>
        <valueSetDefinition>
            <sorted>false</sorted>
            <value>
                <fullName>At Carrier Facility</fullName>
                <default>false</default>
                <label>At Carrier Facility</label>
            </value>
            <value>
                <fullName>Out for Delivery</fullName>
                <default>false</default>
                <label>Out for Delivery</label>
            </value>
            <value>
                <fullName>Delivered</fullName>
                <default>false</default>
                <label>Delivered</label>
            </value>
            <value>
                <fullName>Missing</fullName>
                <default>false</default>
                <label>Missing</label>
            </value>
        </valueSetDefinition>
    </valueSet>
</CustomField>
