<?xml version="1.0" encoding="UTF-8"?>
<CustomField xmlns="http://soap.sforce.com/2006/04/metadata">
    <fullName>Inhabitant__c</fullName>
    <deleteConstraint>Restrict</deleteConstraint>
    <externalId>false</externalId>
    <label>Inhabitant</label>
    <referenceTo>Inhabitant__c</referenceTo>
    <relationshipLabel>Mail</relationshipLabel>
    <relationshipName>Mail</relationshipName>
    <required>true</required>
    <trackTrending>false</trackTrending>
    <type>Lookup</type>
</CustomField>
