{
  "status": 0,
  "result": [
    {
      "createdById": "0054x000003Qz1fAAC",
      "createdByName": "Tristan Wentworth",
      "createdDate": "2021-02-19T01:29:03.000Z",
      "fileName": "pages/SiteRegisterConfirm.page",
      "fullName": "SiteRegisterConfirm",
      "id": "0664x000007yLjxAAE",
      "lastModifiedById": "0054x000003Qz1fAAC",
      "lastModifiedByName": "Tristan Wentworth",
      "lastModifiedDate": "2021-02-19T01:29:09.000Z",
      "manageableState": "unmanaged",
      "type": "ApexPage"
    },
    {
      "createdById": "0054x000003Qz1fAAC",
      "createdByName": "Tristan Wentworth",
      "createdDate": "2021-02-19T01:29:03.000Z",
      "fileName": "pages/ForgotPasswordConfirm.page",
      "fullName": "ForgotPasswordConfirm",
      "id": "0664x000007yLjwAAE",
      "lastModifiedById": "0054x000003Qz1fAAC",
      "lastModifiedByName": "Tristan Wentworth",
      "lastModifiedDate": "2021-02-19T01:29:08.000Z",
      "manageableState": "unmanaged",
      "type": "ApexPage"
    },
    {
      "createdById": "0054x000003Qz1fAAC",
      "createdByName": "Tristan Wentworth",
      "createdDate": "2021-02-19T01:29:03.000Z",
      "fileName": "pages/MyProfilePage.page",
      "fullName": "MyProfilePage",
      "id": "0664x000007yLjyAAE",
      "lastModifiedById": "0054x000003Qz1fAAC",
      "lastModifiedByName": "Tristan Wentworth",
      "lastModifiedDate": "2021-02-19T01:29:05.000Z",
      "manageableState": "unmanaged",
      "type": "ApexPage"
    },
    {
      "createdById": "0054x000003Qz1fAAC",
      "createdByName": "Tristan Wentworth",
      "createdDate": "2021-02-19T01:29:02.000Z",
      "fileName": "pages/SiteRegister.page",
      "fullName": "SiteRegister",
      "id": "0664x000007yLjsAAE",
      "lastModifiedById": "0054x000003Qz1fAAC",
      "lastModifiedByName": "Tristan Wentworth",
      "lastModifiedDate": "2021-02-19T01:29:09.000Z",
      "manageableState": "unmanaged",
      "type": "ApexPage"
    },
    {
      "createdById": "0054x000003Qz1fAAC",
      "createdByName": "Tristan Wentworth",
      "createdDate": "2021-02-19T01:29:02.000Z",
      "fileName": "pages/ChangePassword.page",
      "fullName": "ChangePassword",
      "id": "0664x000007yLjtAAE",
      "lastModifiedById": "0054x000003Qz1fAAC",
      "lastModifiedByName": "Tristan Wentworth",
      "lastModifiedDate": "2021-02-19T01:29:08.000Z",
      "manageableState": "unmanaged",
      "type": "ApexPage"
    },
    {
      "createdById": "0054x000003Qz1fAAC",
      "createdByName": "Tristan Wentworth",
      "createdDate": "2021-02-19T01:29:06.000Z",
      "fileName": "pages/CommunitiesSelfRegConfirm.page",
      "fullName": "CommunitiesSelfRegConfirm",
      "id": "0664x000007yLkDAAU",
      "lastModifiedById": "0054x000003Qz1fAAC",
      "lastModifiedByName": "Tristan Wentworth",
      "lastModifiedDate": "2021-02-19T01:29:09.000Z",
      "manageableState": "unmanaged",
      "type": "ApexPage"
    },
    {
      "createdById": "0054x000003Qz1fAAC",
      "createdByName": "Tristan Wentworth",
      "createdDate": "2021-02-19T01:29:06.000Z",
      "fileName": "pages/Unauthorized.page",
      "fullName": "Unauthorized",
      "id": "0664x000007yLk5AAE",
      "lastModifiedById": "0054x000003Qz1fAAC",
      "lastModifiedByName": "Tristan Wentworth",
      "lastModifiedDate": "2021-02-19T01:29:08.000Z",
      "manageableState": "unmanaged",
      "type": "ApexPage"
    },
    {
      "createdById": "0054x000003Qz1fAAC",
      "createdByName": "Tristan Wentworth",
      "createdDate": "2021-02-19T01:29:06.000Z",
      "fileName": "pages/BandwidthExceeded.page",
      "fullName": "BandwidthExceeded",
      "id": "0664x000007yLk2AAE",
      "lastModifiedById": "0054x000003Qz1fAAC",
      "lastModifiedByName": "Tristan Wentworth",
      "lastModifiedDate": "2021-02-19T01:29:06.000Z",
      "manageableState": "unmanaged",
      "type": "ApexPage"
    },
    {
      "createdById": "0054x000003Qz1fAAC",
      "createdByName": "Tristan Wentworth",
      "createdDate": "2021-02-19T01:29:06.000Z",
      "fileName": "pages/FileNotFound.page",
      "fullName": "FileNotFound",
      "id": "0664x000007yLk1AAE",
      "lastModifiedById": "0054x000003Qz1fAAC",
      "lastModifiedByName": "Tristan Wentworth",
      "lastModifiedDate": "2021-02-19T01:29:09.000Z",
      "manageableState": "unmanaged",
      "type": "ApexPage"
    },
    {
      "createdById": "0054x000003Qz1fAAC",
      "createdByName": "Tristan Wentworth",
      "createdDate": "2021-02-19T01:29:06.000Z",
      "fileName": "pages/AnswersHome.page",
      "fullName": "AnswersHome",
      "id": "0664x000007yLk8AAE",
      "lastModifiedById": "0054x000003Qz1fAAC",
      "lastModifiedByName": "Tristan Wentworth",
      "lastModifiedDate": "2021-02-19T01:29:06.000Z",
      "manageableState": "unmanaged",
      "type": "ApexPage"
    },
    {
      "createdById": "0054x000003Qz1fAAC",
      "createdByName": "Tristan Wentworth",
      "createdDate": "2021-02-19T01:29:03.000Z",
      "fileName": "pages/SiteLogin.page",
      "fullName": "SiteLogin",
      "id": "0664x000007yLjvAAE",
      "lastModifiedById": "0054x000003Qz1fAAC",
      "lastModifiedByName": "Tristan Wentworth",
      "lastModifiedDate": "2021-02-19T01:29:09.000Z",
      "manageableState": "unmanaged",
      "type": "ApexPage"
    },
    {
      "createdById": "0054x000003Qz1fAAC",
      "createdByName": "Tristan Wentworth",
      "createdDate": "2021-02-19T01:29:05.000Z",
      "fileName": "pages/StdExceptionTemplate.page",
      "fullName": "StdExceptionTemplate",
      "id": "0664x000007yLjzAAE",
      "lastModifiedById": "0054x000003Qz1fAAC",
      "lastModifiedByName": "Tristan Wentworth",
      "lastModifiedDate": "2021-02-19T01:29:09.000Z",
      "manageableState": "unmanaged",
      "type": "ApexPage"
    },
    {
      "createdById": "0054x000003Qz1fAAC",
      "createdByName": "Tristan Wentworth",
      "createdDate": "2021-02-19T01:29:06.000Z",
      "fileName": "pages/UnderConstruction.page",
      "fullName": "UnderConstruction",
      "id": "0664x000007yLk6AAE",
      "lastModifiedById": "0054x000003Qz1fAAC",
      "lastModifiedByName": "Tristan Wentworth",
      "lastModifiedDate": "2021-02-19T01:29:06.000Z",
      "manageableState": "unmanaged",
      "type": "ApexPage"
    },
    {
      "createdById": "0054x000003Qz1fAAC",
      "createdByName": "Tristan Wentworth",
      "createdDate": "2021-02-19T01:29:06.000Z",
      "fileName": "pages/InMaintenance.page",
      "fullName": "InMaintenance",
      "id": "0664x000007yLk4AAE",
      "lastModifiedById": "0054x000003Qz1fAAC",
      "lastModifiedByName": "Tristan Wentworth",
      "lastModifiedDate": "2021-02-19T01:29:06.000Z",
      "manageableState": "unmanaged",
      "type": "ApexPage"
    },
    {
      "createdById": "0054x000003Qz1fAAC",
      "createdByName": "Tristan Wentworth",
      "createdDate": "2021-02-19T01:29:05.000Z",
      "fileName": "pages/SiteTemplate.page",
      "fullName": "SiteTemplate",
      "id": "0664x000007yLk0AAE",
      "lastModifiedById": "0054x000003Qz1fAAC",
      "lastModifiedByName": "Tristan Wentworth",
      "lastModifiedDate": "2021-02-19T01:29:08.000Z",
      "manageableState": "unmanaged",
      "type": "ApexPage"
    },
    {
      "createdById": "0054x000003Qz1fAAC",
      "createdByName": "Tristan Wentworth",
      "createdDate": "2021-02-19T01:29:06.000Z",
      "fileName": "pages/CommunitiesSelfReg.page",
      "fullName": "CommunitiesSelfReg",
      "id": "0664x000007yLkCAAU",
      "lastModifiedById": "0054x000003Qz1fAAC",
      "lastModifiedByName": "Tristan Wentworth",
      "lastModifiedDate": "2021-02-19T01:29:07.000Z",
      "manageableState": "unmanaged",
      "type": "ApexPage"
    },
    {
      "createdById": "0054x000003Qz1fAAC",
      "createdByName": "Tristan Wentworth",
      "createdDate": "2021-02-19T01:29:06.000Z",
      "fileName": "pages/CommunitiesLanding.page",
      "fullName": "CommunitiesLanding",
      "id": "0664x000007yLkBAAU",
      "lastModifiedById": "0054x000003Qz1fAAC",
      "lastModifiedByName": "Tristan Wentworth",
      "lastModifiedDate": "2021-02-19T01:29:07.000Z",
      "manageableState": "unmanaged",
      "type": "ApexPage"
    },
    {
      "createdById": "0054x000003Qz1fAAC",
      "createdByName": "Tristan Wentworth",
      "createdDate": "2021-02-19T01:29:06.000Z",
      "fileName": "pages/CommunitiesTemplate.page",
      "fullName": "CommunitiesTemplate",
      "id": "0664x000007yLk9AAE",
      "lastModifiedById": "0054x000003Qz1fAAC",
      "lastModifiedByName": "Tristan Wentworth",
      "lastModifiedDate": "2021-02-19T01:29:07.000Z",
      "manageableState": "unmanaged",
      "type": "ApexPage"
    },
    {
      "createdById": "0054x000003Qz1fAAC",
      "createdByName": "Tristan Wentworth",
      "createdDate": "2021-02-19T01:29:06.000Z",
      "fileName": "pages/CommunitiesLogin.page",
      "fullName": "CommunitiesLogin",
      "id": "0664x000007yLkAAAU",
      "lastModifiedById": "0054x000003Qz1fAAC",
      "lastModifiedByName": "Tristan Wentworth",
      "lastModifiedDate": "2021-02-19T01:29:07.000Z",
      "manageableState": "unmanaged",
      "type": "ApexPage"
    },
    {
      "createdById": "0054x000003Qz1fAAC",
      "createdByName": "Tristan Wentworth",
      "createdDate": "2021-02-19T01:29:02.000Z",
      "fileName": "pages/ForgotPassword.page",
      "fullName": "ForgotPassword",
      "id": "0664x000007yLjuAAE",
      "lastModifiedById": "0054x000003Qz1fAAC",
      "lastModifiedByName": "Tristan Wentworth",
      "lastModifiedDate": "2021-02-19T01:29:09.000Z",
      "manageableState": "unmanaged",
      "type": "ApexPage"
    },
    {
      "createdById": "0054x000003Qz1fAAC",
      "createdByName": "Tristan Wentworth",
      "createdDate": "2021-02-19T15:40:27.000Z",
      "fileName": "pages/helloPage.page",
      "fullName": "helloPage",
      "id": "0664x000007yLsaAAE",
      "lastModifiedById": "0054x000003Qz1fAAC",
      "lastModifiedByName": "Tristan Wentworth",
      "lastModifiedDate": "2021-02-19T15:42:12.000Z",
      "manageableState": "unmanaged",
      "type": "ApexPage"
    },
    {
      "createdById": "0054x000003Qz1fAAC",
      "createdByName": "Tristan Wentworth",
      "createdDate": "2021-02-19T01:29:06.000Z",
      "fileName": "pages/IdeasHome.page",
      "fullName": "IdeasHome",
      "id": "0664x000007yLk7AAE",
      "lastModifiedById": "0054x000003Qz1fAAC",
      "lastModifiedByName": "Tristan Wentworth",
      "lastModifiedDate": "2021-02-19T01:29:06.000Z",
      "manageableState": "unmanaged",
      "type": "ApexPage"
    },
    {
      "createdById": "0054x000003Qz1fAAC",
      "createdByName": "Tristan Wentworth",
      "createdDate": "2021-02-19T01:29:06.000Z",
      "fileName": "pages/Exception.page",
      "fullName": "Exception",
      "id": "0664x000007yLk3AAE",
      "lastModifiedById": "0054x000003Qz1fAAC",
      "lastModifiedByName": "Tristan Wentworth",
      "lastModifiedDate": "2021-02-19T01:29:09.000Z",
      "manageableState": "unmanaged",
      "type": "ApexPage"
    }
  ]
}
