{
  "status": 0,
  "result": [
    {
      "createdById": "0054x000003Qz1fAAC",
      "createdByName": "Tristan Wentworth",
      "createdDate": "1970-01-01T00:00:00.000Z",
      "fileName": "objects/AssistantProgress.object",
      "fullName": "AssistantProgress",
      "id": "",
      "lastModifiedById": "0054x000003Qz1fAAC",
      "lastModifiedByName": "Tristan Wentworth",
      "lastModifiedDate": "1970-01-01T00:00:00.000Z",
      "namespacePrefix": "",
      "type": "CustomObject"
    },
    {
      "createdById": "0054x000003Qz1fAAC",
      "createdByName": "Tristan Wentworth",
      "createdDate": "1970-01-01T00:00:00.000Z",
      "fileName": "objects/Solution.object",
      "fullName": "Solution",
      "id": "",
      "lastModifiedById": "0054x000003Qz1fAAC",
      "lastModifiedByName": "Tristan Wentworth",
      "lastModifiedDate": "1970-01-01T00:00:00.000Z",
      "namespacePrefix": "",
      "type": "CustomObject"
    },
    {
      "createdById": "0054x000003Qz1fAAC",
      "createdByName": "Tristan Wentworth",
      "createdDate": "1970-01-01T00:00:00.000Z",
      "fileName": "objects/RecordAction.object",
      "fullName": "RecordAction",
      "id": "",
      "lastModifiedById": "0054x000003Qz1fAAC",
      "lastModifiedByName": "Tristan Wentworth",
      "lastModifiedDate": "1970-01-01T00:00:00.000Z",
      "namespacePrefix": "",
      "type": "CustomObject"
    },
    {
      "createdById": "0054x000003Qz1fAAC",
      "createdByName": "Tristan Wentworth",
      "createdDate": "1970-01-01T00:00:00.000Z",
      "fileName": "objects/User.object",
      "fullName": "User",
      "id": "",
      "lastModifiedById": "0054x000003Qz1fAAC",
      "lastModifiedByName": "Tristan Wentworth",
      "lastModifiedDate": "1970-01-01T00:00:00.000Z",
      "namespacePrefix": "",
      "type": "CustomObject"
    },
    {
      "createdById": "0054x000003Qz1fAAC",
      "createdByName": "Tristan Wentworth",
      "createdDate": "1970-01-01T00:00:00.000Z",
      "fileName": "objects/PaymentGroup.object",
      "fullName": "PaymentGroup",
      "id": "",
      "lastModifiedById": "0054x000003Qz1fAAC",
      "lastModifiedByName": "Tristan Wentworth",
      "lastModifiedDate": "1970-01-01T00:00:00.000Z",
      "namespacePrefix": "",
      "type": "CustomObject"
    },
    {
      "createdById": "0054x000003Qz1fAAC",
      "createdByName": "Tristan Wentworth",
      "createdDate": "2021-01-26T22:44:32.000Z",
      "fileName": "objects/Route__c.object",
      "fullName": "Route__c",
      "id": "01I4x0000007YKKEA2",
      "lastModifiedById": "0054x000003Qz1fAAC",
      "lastModifiedByName": "Tristan Wentworth",
      "lastModifiedDate": "2021-01-28T22:46:37.000Z",
      "manageableState": "unmanaged",
      "type": "CustomObject"
    },
    {
      "createdById": "0054x000003Qz1fAAC",
      "createdByName": "Tristan Wentworth",
      "createdDate": "1970-01-01T00:00:00.000Z",
      "fileName": "objects/AssetRelationship.object",
      "fullName": "AssetRelationship",
      "id": "",
      "lastModifiedById": "0054x000003Qz1fAAC",
      "lastModifiedByName": "Tristan Wentworth",
      "lastModifiedDate": "1970-01-01T00:00:00.000Z",
      "namespacePrefix": "",
      "type": "CustomObject"
    },
    {
      "createdById": "0054x000003Qz1fAAC",
      "createdByName": "Tristan Wentworth",
      "createdDate": "1970-01-01T00:00:00.000Z",
      "fileName": "objects/CollaborationGroup.object",
      "fullName": "CollaborationGroup",
      "id": "",
      "lastModifiedById": "0054x000003Qz1fAAC",
      "lastModifiedByName": "Tristan Wentworth",
      "lastModifiedDate": "1970-01-01T00:00:00.000Z",
      "namespacePrefix": "",
      "type": "CustomObject"
    },
    {
      "createdById": "0054x000003Qz1fAAC",
      "createdByName": "Tristan Wentworth",
      "createdDate": "1970-01-01T00:00:00.000Z",
      "fileName": "objects/Macro.object",
      "fullName": "Macro",
      "id": "",
      "lastModifiedById": "0054x000003Qz1fAAC",
      "lastModifiedByName": "Tristan Wentworth",
      "lastModifiedDate": "1970-01-01T00:00:00.000Z",
      "namespacePrefix": "",
      "type": "CustomObject"
    },
    {
      "createdById": "0054x000003Qz1fAAC",
      "createdByName": "Tristan Wentworth",
      "createdDate": "1970-01-01T00:00:00.000Z",
      "fileName": "objects/DigitalWallet.object",
      "fullName": "DigitalWallet",
      "id": "",
      "lastModifiedById": "0054x000003Qz1fAAC",
      "lastModifiedByName": "Tristan Wentworth",
      "lastModifiedDate": "1970-01-01T00:00:00.000Z",
      "namespacePrefix": "",
      "type": "CustomObject"
    },
    {
      "createdById": "0054x000003Qz1fAAC",
      "createdByName": "Tristan Wentworth",
      "createdDate": "1970-01-01T00:00:00.000Z",
      "fileName": "objects/Lead.object",
      "fullName": "Lead",
      "id": "",
      "lastModifiedById": "0054x000003Qz1fAAC",
      "lastModifiedByName": "Tristan Wentworth",
      "lastModifiedDate": "1970-01-01T00:00:00.000Z",
      "namespacePrefix": "",
      "type": "CustomObject"
    },
    {
      "createdById": "0054x000003Qz1fAAC",
      "createdByName": "Tristan Wentworth",
      "createdDate": "2021-01-26T22:43:47.000Z",
      "fileName": "objects/Address__c.object",
      "fullName": "Address__c",
      "id": "01I4x0000007YK5EAM",
      "lastModifiedById": "0054x000003Qz1fAAC",
      "lastModifiedByName": "Tristan Wentworth",
      "lastModifiedDate": "2021-01-28T19:51:13.000Z",
      "manageableState": "unmanaged",
      "type": "CustomObject"
    },
    {
      "createdById": "0054x000003Qz1fAAC",
      "createdByName": "Tristan Wentworth",
      "createdDate": "1970-01-01T00:00:00.000Z",
      "fileName": "objects/MacroUsage.object",
      "fullName": "MacroUsage",
      "id": "",
      "lastModifiedById": "0054x000003Qz1fAAC",
      "lastModifiedByName": "Tristan Wentworth",
      "lastModifiedDate": "1970-01-01T00:00:00.000Z",
      "namespacePrefix": "",
      "type": "CustomObject"
    },
    {
      "createdById": "0054x000003Qz1fAAC",
      "createdByName": "Tristan Wentworth",
      "createdDate": "1970-01-01T00:00:00.000Z",
      "fileName": "objects/WorkBadgeDefinition.object",
      "fullName": "WorkBadgeDefinition",
      "id": "",
      "lastModifiedById": "0054x000003Qz1fAAC",
      "lastModifiedByName": "Tristan Wentworth",
      "lastModifiedDate": "1970-01-01T00:00:00.000Z",
      "namespacePrefix": "",
      "type": "CustomObject"
    },
    {
      "createdById": "0054x000003Qz1fAAC",
      "createdByName": "Tristan Wentworth",
      "createdDate": "1970-01-01T00:00:00.000Z",
      "fileName": "objects/LeadCleanInfo.object",
      "fullName": "LeadCleanInfo",
      "id": "",
      "lastModifiedById": "0054x000003Qz1fAAC",
      "lastModifiedByName": "Tristan Wentworth",
      "lastModifiedDate": "1970-01-01T00:00:00.000Z",
      "namespacePrefix": "",
      "type": "CustomObject"
    },
    {
      "createdById": "0054x000003Qz1fAAC",
      "createdByName": "Tristan Wentworth",
      "createdDate": "1970-01-01T00:00:00.000Z",
      "fileName": "objects/StreamActivityAccess.object",
      "fullName": "StreamActivityAccess",
      "id": "",
      "lastModifiedById": "0054x000003Qz1fAAC",
      "lastModifiedByName": "Tristan Wentworth",
      "lastModifiedDate": "1970-01-01T00:00:00.000Z",
      "namespacePrefix": "",
      "type": "CustomObject"
    },
    {
      "createdById": "0054x000003Qz1fAAC",
      "createdByName": "Tristan Wentworth",
      "createdDate": "1970-01-01T00:00:00.000Z",
      "fileName": "objects/AuthorizationFormText.object",
      "fullName": "AuthorizationFormText",
      "id": "",
      "lastModifiedById": "0054x000003Qz1fAAC",
      "lastModifiedByName": "Tristan Wentworth",
      "lastModifiedDate": "1970-01-01T00:00:00.000Z",
      "namespacePrefix": "",
      "type": "CustomObject"
    },
    {
      "createdById": "0054x000003Qz1fAAC",
      "createdByName": "Tristan Wentworth",
      "createdDate": "1970-01-01T00:00:00.000Z",
      "fileName": "objects/Image.object",
      "fullName": "Image",
      "id": "",
      "lastModifiedById": "0054x000003Qz1fAAC",
      "lastModifiedByName": "Tristan Wentworth",
      "lastModifiedDate": "1970-01-01T00:00:00.000Z",
      "namespacePrefix": "",
      "type": "CustomObject"
    },
    {
      "createdById": "0054x000003Qz1fAAC",
      "createdByName": "Tristan Wentworth",
      "createdDate": "1970-01-01T00:00:00.000Z",
      "fileName": "objects/CommSubscriptionConsent.object",
      "fullName": "CommSubscriptionConsent",
      "id": "",
      "lastModifiedById": "0054x000003Qz1fAAC",
      "lastModifiedByName": "Tristan Wentworth",
      "lastModifiedDate": "1970-01-01T00:00:00.000Z",
      "namespacePrefix": "",
      "type": "CustomObject"
    },
    {
      "createdById": "0054x000003Qz1fAAC",
      "createdByName": "Tristan Wentworth",
      "createdDate": "1970-01-01T00:00:00.000Z",
      "fileName": "objects/ConsumptionSchedule.object",
      "fullName": "ConsumptionSchedule",
      "id": "",
      "lastModifiedById": "0054x000003Qz1fAAC",
      "lastModifiedByName": "Tristan Wentworth",
      "lastModifiedDate": "1970-01-01T00:00:00.000Z",
      "namespacePrefix": "",
      "type": "CustomObject"
    },
    {
      "createdById": "0054x000003Qz1fAAC",
      "createdByName": "Tristan Wentworth",
      "createdDate": "1970-01-01T00:00:00.000Z",
      "fileName": "objects/CaseContactRole.object",
      "fullName": "CaseContactRole",
      "id": "",
      "lastModifiedById": "0054x000003Qz1fAAC",
      "lastModifiedByName": "Tristan Wentworth",
      "lastModifiedDate": "1970-01-01T00:00:00.000Z",
      "namespacePrefix": "",
      "type": "CustomObject"
    },
    {
      "createdById": "0054x000003Qz1fAAC",
      "createdByName": "Tristan Wentworth",
      "createdDate": "1970-01-01T00:00:00.000Z",
      "fileName": "objects/Scorecard.object",
      "fullName": "Scorecard",
      "id": "",
      "lastModifiedById": "0054x000003Qz1fAAC",
      "lastModifiedByName": "Tristan Wentworth",
      "lastModifiedDate": "1970-01-01T00:00:00.000Z",
      "namespacePrefix": "",
      "type": "CustomObject"
    },
    {
      "createdById": "0054x000003Qz1fAAC",
      "createdByName": "Tristan Wentworth",
      "createdDate": "1970-01-01T00:00:00.000Z",
      "fileName": "objects/Individual.object",
      "fullName": "Individual",
      "id": "",
      "lastModifiedById": "0054x000003Qz1fAAC",
      "lastModifiedByName": "Tristan Wentworth",
      "lastModifiedDate": "1970-01-01T00:00:00.000Z",
      "namespacePrefix": "",
      "type": "CustomObject"
    },
    {
      "createdById": "0054x000003Qz1fAAC",
      "createdByName": "Tristan Wentworth",
      "createdDate": "1970-01-01T00:00:00.000Z",
      "fileName": "objects/Pricebook2.object",
      "fullName": "Pricebook2",
      "id": "",
      "lastModifiedById": "0054x000003Qz1fAAC",
      "lastModifiedByName": "Tristan Wentworth",
      "lastModifiedDate": "1970-01-01T00:00:00.000Z",
      "namespacePrefix": "",
      "type": "CustomObject"
    },
    {
      "createdById": "0054x000003Qz1fAAC",
      "createdByName": "Tristan Wentworth",
      "createdDate": "1970-01-01T00:00:00.000Z",
      "fileName": "objects/RefundLinePayment.object",
      "fullName": "RefundLinePayment",
      "id": "",
      "lastModifiedById": "0054x000003Qz1fAAC",
      "lastModifiedByName": "Tristan Wentworth",
      "lastModifiedDate": "1970-01-01T00:00:00.000Z",
      "namespacePrefix": "",
      "type": "CustomObject"
    },
    {
      "createdById": "0054x000003Qz1fAAC",
      "createdByName": "Tristan Wentworth",
      "createdDate": "1970-01-01T00:00:00.000Z",
      "fileName": "objects/AuthorizationForm.object",
      "fullName": "AuthorizationForm",
      "id": "",
      "lastModifiedById": "0054x000003Qz1fAAC",
      "lastModifiedByName": "Tristan Wentworth",
      "lastModifiedDate": "1970-01-01T00:00:00.000Z",
      "namespacePrefix": "",
      "type": "CustomObject"
    },
    {
      "createdById": "0054x000003Qz1fAAC",
      "createdByName": "Tristan Wentworth",
      "createdDate": "1970-01-01T00:00:00.000Z",
      "fileName": "objects/ConsumptionRate.object",
      "fullName": "ConsumptionRate",
      "id": "",
      "lastModifiedById": "0054x000003Qz1fAAC",
      "lastModifiedByName": "Tristan Wentworth",
      "lastModifiedDate": "1970-01-01T00:00:00.000Z",
      "namespacePrefix": "",
      "type": "CustomObject"
    },
    {
      "createdById": "0054x000003Qz1fAAC",
      "createdByName": "Tristan Wentworth",
      "createdDate": "1970-01-01T00:00:00.000Z",
      "fileName": "objects/Payment.object",
      "fullName": "Payment",
      "id": "",
      "lastModifiedById": "0054x000003Qz1fAAC",
      "lastModifiedByName": "Tristan Wentworth",
      "lastModifiedDate": "1970-01-01T00:00:00.000Z",
      "namespacePrefix": "",
      "type": "CustomObject"
    },
    {
      "createdById": "0054x000003Qz1fAAC",
      "createdByName": "Tristan Wentworth",
      "createdDate": "1970-01-01T00:00:00.000Z",
      "fileName": "objects/CampaignMember.object",
      "fullName": "CampaignMember",
      "id": "",
      "lastModifiedById": "0054x000003Qz1fAAC",
      "lastModifiedByName": "Tristan Wentworth",
      "lastModifiedDate": "1970-01-01T00:00:00.000Z",
      "namespacePrefix": "",
      "type": "CustomObject"
    },
    {
      "createdById": "0054x000003Qz1fAAC",
      "createdByName": "Tristan Wentworth",
      "createdDate": "1970-01-01T00:00:00.000Z",
      "fileName": "objects/Recommendation.object",
      "fullName": "Recommendation",
      "id": "",
      "lastModifiedById": "0054x000003Qz1fAAC",
      "lastModifiedByName": "Tristan Wentworth",
      "lastModifiedDate": "1970-01-01T00:00:00.000Z",
      "namespacePrefix": "",
      "type": "CustomObject"
    },
    {
      "createdById": "0054x000003Qz1fAAC",
      "createdByName": "Tristan Wentworth",
      "createdDate": "1970-01-01T00:00:00.000Z",
      "fileName": "objects/QuickTextUsage.object",
      "fullName": "QuickTextUsage",
      "id": "",
      "lastModifiedById": "0054x000003Qz1fAAC",
      "lastModifiedByName": "Tristan Wentworth",
      "lastModifiedDate": "1970-01-01T00:00:00.000Z",
      "namespacePrefix": "",
      "type": "CustomObject"
    },
    {
      "createdById": "0054x000003Qz1fAAC",
      "createdByName": "Tristan Wentworth",
      "createdDate": "1970-01-01T00:00:00.000Z",
      "fileName": "objects/CommSubscriptionChannelType.object",
      "fullName": "CommSubscriptionChannelType",
      "id": "",
      "lastModifiedById": "0054x000003Qz1fAAC",
      "lastModifiedByName": "Tristan Wentworth",
      "lastModifiedDate": "1970-01-01T00:00:00.000Z",
      "namespacePrefix": "",
      "type": "CustomObject"
    },
    {
      "createdById": "0054x000003Qz1fAAC",
      "createdByName": "Tristan Wentworth",
      "createdDate": "1970-01-01T00:00:00.000Z",
      "fileName": "objects/RecordMergeHistory.object",
      "fullName": "RecordMergeHistory",
      "id": "",
      "lastModifiedById": "0054x000003Qz1fAAC",
      "lastModifiedByName": "Tristan Wentworth",
      "lastModifiedDate": "1970-01-01T00:00:00.000Z",
      "namespacePrefix": "",
      "type": "CustomObject"
    },
    {
      "createdById": "0054x000003Qz1fAAC",
      "createdByName": "Tristan Wentworth",
      "createdDate": "1970-01-01T00:00:00.000Z",
      "fileName": "objects/Case.object",
      "fullName": "Case",
      "id": "",
      "lastModifiedById": "0054x000003Qz1fAAC",
      "lastModifiedByName": "Tristan Wentworth",
      "lastModifiedDate": "1970-01-01T00:00:00.000Z",
      "namespacePrefix": "",
      "type": "CustomObject"
    },
    {
      "createdById": "0054x000003Qz1fAAC",
      "createdByName": "Tristan Wentworth",
      "createdDate": "1970-01-01T00:00:00.000Z",
      "fileName": "objects/WorkBadge.object",
      "fullName": "WorkBadge",
      "id": "",
      "lastModifiedById": "0054x000003Qz1fAAC",
      "lastModifiedByName": "Tristan Wentworth",
      "lastModifiedDate": "1970-01-01T00:00:00.000Z",
      "namespacePrefix": "",
      "type": "CustomObject"
    },
    {
      "createdById": "0054x000003Qz1fAAC",
      "createdByName": "Tristan Wentworth",
      "createdDate": "1970-01-01T00:00:00.000Z",
      "fileName": "objects/PartyConsent.object",
      "fullName": "PartyConsent",
      "id": "",
      "lastModifiedById": "0054x000003Qz1fAAC",
      "lastModifiedByName": "Tristan Wentworth",
      "lastModifiedDate": "1970-01-01T00:00:00.000Z",
      "namespacePrefix": "",
      "type": "CustomObject"
    },
    {
      "createdById": "0054x000003Qz1fAAC",
      "createdByName": "Tristan Wentworth",
      "createdDate": "2021-01-26T22:43:19.000Z",
      "fileName": "objects/Inhabitant__c.object",
      "fullName": "Inhabitant__c",
      "id": "01I4x0000007YK0EAM",
      "lastModifiedById": "0054x000003Qz1fAAC",
      "lastModifiedByName": "Tristan Wentworth",
      "lastModifiedDate": "2021-01-26T22:43:19.000Z",
      "manageableState": "unmanaged",
      "type": "CustomObject"
    },
    {
      "createdById": "0054x000003Qz1fAAC",
      "createdByName": "Tristan Wentworth",
      "createdDate": "1970-01-01T00:00:00.000Z",
      "fileName": "objects/DandBCompany.object",
      "fullName": "DandBCompany",
      "id": "",
      "lastModifiedById": "0054x000003Qz1fAAC",
      "lastModifiedByName": "Tristan Wentworth",
      "lastModifiedDate": "1970-01-01T00:00:00.000Z",
      "namespacePrefix": "",
      "type": "CustomObject"
    },
    {
      "createdById": "0054x000003Qz1fAAC",
      "createdByName": "Tristan Wentworth",
      "createdDate": "1970-01-01T00:00:00.000Z",
      "fileName": "objects/ContractContactRole.object",
      "fullName": "ContractContactRole",
      "id": "",
      "lastModifiedById": "0054x000003Qz1fAAC",
      "lastModifiedByName": "Tristan Wentworth",
      "lastModifiedDate": "1970-01-01T00:00:00.000Z",
      "namespacePrefix": "",
      "type": "CustomObject"
    },
    {
      "createdById": "0054x000003Qz1fAAC",
      "createdByName": "Tristan Wentworth",
      "createdDate": "1970-01-01T00:00:00.000Z",
      "fileName": "objects/ContactPointAddress.object",
      "fullName": "ContactPointAddress",
      "id": "",
      "lastModifiedById": "0054x000003Qz1fAAC",
      "lastModifiedByName": "Tristan Wentworth",
      "lastModifiedDate": "1970-01-01T00:00:00.000Z",
      "namespacePrefix": "",
      "type": "CustomObject"
    },
    {
      "createdById": "0054x000003Qz1fAAC",
      "createdByName": "Tristan Wentworth",
      "createdDate": "1970-01-01T00:00:00.000Z",
      "fileName": "objects/OrderItem.object",
      "fullName": "OrderItem",
      "id": "",
      "lastModifiedById": "0054x000003Qz1fAAC",
      "lastModifiedByName": "Tristan Wentworth",
      "lastModifiedDate": "1970-01-01T00:00:00.000Z",
      "namespacePrefix": "",
      "type": "CustomObject"
    },
    {
      "createdById": "0054x000003Qz1fAAC",
      "createdByName": "Tristan Wentworth",
      "createdDate": "1970-01-01T00:00:00.000Z",
      "fileName": "objects/Topic.object",
      "fullName": "Topic",
      "id": "",
      "lastModifiedById": "0054x000003Qz1fAAC",
      "lastModifiedByName": "Tristan Wentworth",
      "lastModifiedDate": "1970-01-01T00:00:00.000Z",
      "namespacePrefix": "",
      "type": "CustomObject"
    },
    {
      "createdById": "0054x000003Qz1fAAC",
      "createdByName": "Tristan Wentworth",
      "createdDate": "1970-01-01T00:00:00.000Z",
      "fileName": "objects/OrgMetricScanResult.object",
      "fullName": "OrgMetricScanResult",
      "id": "",
      "lastModifiedById": "0054x000003Qz1fAAC",
      "lastModifiedByName": "Tristan Wentworth",
      "lastModifiedDate": "1970-01-01T00:00:00.000Z",
      "namespacePrefix": "",
      "type": "CustomObject"
    },
    {
      "createdById": "0054x000003Qz1fAAC",
      "createdByName": "Tristan Wentworth",
      "createdDate": "1970-01-01T00:00:00.000Z",
      "fileName": "objects/PaymentMethod.object",
      "fullName": "PaymentMethod",
      "id": "",
      "lastModifiedById": "0054x000003Qz1fAAC",
      "lastModifiedByName": "Tristan Wentworth",
      "lastModifiedDate": "1970-01-01T00:00:00.000Z",
      "namespacePrefix": "",
      "type": "CustomObject"
    },
    {
      "createdById": "0054x000003Qz1fAAC",
      "createdByName": "Tristan Wentworth",
      "createdDate": "1970-01-01T00:00:00.000Z",
      "fileName": "objects/Event.object",
      "fullName": "Event",
      "id": "",
      "lastModifiedById": "0054x000003Qz1fAAC",
      "lastModifiedByName": "Tristan Wentworth",
      "lastModifiedDate": "1970-01-01T00:00:00.000Z",
      "namespacePrefix": "",
      "type": "CustomObject"
    },
    {
      "createdById": "0054x000003Qz1fAAC",
      "createdByName": "Tristan Wentworth",
      "createdDate": "1970-01-01T00:00:00.000Z",
      "fileName": "objects/OrgDeleteRequest.object",
      "fullName": "OrgDeleteRequest",
      "id": "",
      "lastModifiedById": "0054x000003Qz1fAAC",
      "lastModifiedByName": "Tristan Wentworth",
      "lastModifiedDate": "1970-01-01T00:00:00.000Z",
      "namespacePrefix": "",
      "type": "CustomObject"
    },
    {
      "createdById": "0054x000003Qz1fAAC",
      "createdByName": "Tristan Wentworth",
      "createdDate": "1970-01-01T00:00:00.000Z",
      "fileName": "objects/PaymentGateway.object",
      "fullName": "PaymentGateway",
      "id": "",
      "lastModifiedById": "0054x000003Qz1fAAC",
      "lastModifiedByName": "Tristan Wentworth",
      "lastModifiedDate": "1970-01-01T00:00:00.000Z",
      "namespacePrefix": "",
      "type": "CustomObject"
    },
    {
      "createdById": "0054x000003Qz1fAAC",
      "createdByName": "Tristan Wentworth",
      "createdDate": "1970-01-01T00:00:00.000Z",
      "fileName": "objects/StreamingChannel.object",
      "fullName": "StreamingChannel",
      "id": "",
      "lastModifiedById": "0054x000003Qz1fAAC",
      "lastModifiedByName": "Tristan Wentworth",
      "lastModifiedDate": "1970-01-01T00:00:00.000Z",
      "namespacePrefix": "",
      "type": "CustomObject"
    },
    {
      "createdById": "0054x000003Qz1fAAC",
      "createdByName": "Tristan Wentworth",
      "createdDate": "1970-01-01T00:00:00.000Z",
      "fileName": "objects/TopicAssignment.object",
      "fullName": "TopicAssignment",
      "id": "",
      "lastModifiedById": "0054x000003Qz1fAAC",
      "lastModifiedByName": "Tristan Wentworth",
      "lastModifiedDate": "1970-01-01T00:00:00.000Z",
      "namespacePrefix": "",
      "type": "CustomObject"
    },
    {
      "createdById": "0054x000003Qz1fAAC",
      "createdByName": "Tristan Wentworth",
      "createdDate": "1970-01-01T00:00:00.000Z",
      "fileName": "objects/AuthorizationFormConsent.object",
      "fullName": "AuthorizationFormConsent",
      "id": "",
      "lastModifiedById": "0054x000003Qz1fAAC",
      "lastModifiedByName": "Tristan Wentworth",
      "lastModifiedDate": "1970-01-01T00:00:00.000Z",
      "namespacePrefix": "",
      "type": "CustomObject"
    },
    {
      "createdById": "0054x000003Qz1fAAC",
      "createdByName": "Tristan Wentworth",
      "createdDate": "1970-01-01T00:00:00.000Z",
      "fileName": "objects/AccountContactRole.object",
      "fullName": "AccountContactRole",
      "id": "",
      "lastModifiedById": "0054x000003Qz1fAAC",
      "lastModifiedByName": "Tristan Wentworth",
      "lastModifiedDate": "1970-01-01T00:00:00.000Z",
      "namespacePrefix": "",
      "type": "CustomObject"
    },
    {
      "createdById": "0054x000003Qz1fAAC",
      "createdByName": "Tristan Wentworth",
      "createdDate": "1970-01-01T00:00:00.000Z",
      "fileName": "objects/DataUsePurpose.object",
      "fullName": "DataUsePurpose",
      "id": "",
      "lastModifiedById": "0054x000003Qz1fAAC",
      "lastModifiedByName": "Tristan Wentworth",
      "lastModifiedDate": "1970-01-01T00:00:00.000Z",
      "namespacePrefix": "",
      "type": "CustomObject"
    },
    {
      "createdById": "0054x000003Qz1fAAC",
      "createdByName": "Tristan Wentworth",
      "createdDate": "1970-01-01T00:00:00.000Z",
      "fileName": "objects/ExternalEventMapping.object",
      "fullName": "ExternalEventMapping",
      "id": "",
      "lastModifiedById": "0054x000003Qz1fAAC",
      "lastModifiedByName": "Tristan Wentworth",
      "lastModifiedDate": "1970-01-01T00:00:00.000Z",
      "namespacePrefix": "",
      "type": "CustomObject"
    },
    {
      "createdById": "0054x000003Qz1fAAC",
      "createdByName": "Tristan Wentworth",
      "createdDate": "1970-01-01T00:00:00.000Z",
      "fileName": "objects/ExpressionFilter.object",
      "fullName": "ExpressionFilter",
      "id": "",
      "lastModifiedById": "0054x000003Qz1fAAC",
      "lastModifiedByName": "Tristan Wentworth",
      "lastModifiedDate": "1970-01-01T00:00:00.000Z",
      "namespacePrefix": "",
      "type": "CustomObject"
    },
    {
      "createdById": "0054x000003Qz1fAAC",
      "createdByName": "Tristan Wentworth",
      "createdDate": "1970-01-01T00:00:00.000Z",
      "fileName": "objects/OpportunityLineItem.object",
      "fullName": "OpportunityLineItem",
      "id": "",
      "lastModifiedById": "0054x000003Qz1fAAC",
      "lastModifiedByName": "Tristan Wentworth",
      "lastModifiedDate": "1970-01-01T00:00:00.000Z",
      "namespacePrefix": "",
      "type": "CustomObject"
    },
    {
      "createdById": "0054x000003Qz1fAAC",
      "createdByName": "Tristan Wentworth",
      "createdDate": "1970-01-01T00:00:00.000Z",
      "fileName": "objects/ContentVersion.object",
      "fullName": "ContentVersion",
      "id": "",
      "lastModifiedById": "0054x000003Qz1fAAC",
      "lastModifiedByName": "Tristan Wentworth",
      "lastModifiedDate": "1970-01-01T00:00:00.000Z",
      "namespacePrefix": "",
      "type": "CustomObject"
    },
    {
      "createdById": "0054x000003Qz1fAAC",
      "createdByName": "Tristan Wentworth",
      "createdDate": "2021-01-26T22:42:44.000Z",
      "fileName": "objects/Mail__c.object",
      "fullName": "Mail__c",
      "id": "01I4x0000007YJqEAM",
      "lastModifiedById": "0054x000003Qz1fAAC",
      "lastModifiedByName": "Tristan Wentworth",
      "lastModifiedDate": "2021-02-08T00:54:38.000Z",
      "manageableState": "unmanaged",
      "type": "CustomObject"
    },
    {
      "createdById": "0054x000003Qz1fAAC",
      "createdByName": "Tristan Wentworth",
      "createdDate": "1970-01-01T00:00:00.000Z",
      "fileName": "objects/Campaign.object",
      "fullName": "Campaign",
      "id": "",
      "lastModifiedById": "0054x000003Qz1fAAC",
      "lastModifiedByName": "Tristan Wentworth",
      "lastModifiedDate": "1970-01-01T00:00:00.000Z",
      "namespacePrefix": "",
      "type": "CustomObject"
    },
    {
      "createdById": "0054x000003Qz1fAAC",
      "createdByName": "Tristan Wentworth",
      "createdDate": "1970-01-01T00:00:00.000Z",
      "fileName": "objects/AccountCleanInfo.object",
      "fullName": "AccountCleanInfo",
      "id": "",
      "lastModifiedById": "0054x000003Qz1fAAC",
      "lastModifiedByName": "Tristan Wentworth",
      "lastModifiedDate": "1970-01-01T00:00:00.000Z",
      "namespacePrefix": "",
      "type": "CustomObject"
    },
    {
      "createdById": "0054x000003Qz1fAAC",
      "createdByName": "Tristan Wentworth",
      "createdDate": "1970-01-01T00:00:00.000Z",
      "fileName": "objects/ExpressionFilterCriteria.object",
      "fullName": "ExpressionFilterCriteria",
      "id": "",
      "lastModifiedById": "0054x000003Qz1fAAC",
      "lastModifiedByName": "Tristan Wentworth",
      "lastModifiedDate": "1970-01-01T00:00:00.000Z",
      "namespacePrefix": "",
      "type": "CustomObject"
    },
    {
      "createdById": "0054x000003Qz1fAAC",
      "createdByName": "Tristan Wentworth",
      "createdDate": "1970-01-01T00:00:00.000Z",
      "fileName": "objects/ExchangeUserMapping.object",
      "fullName": "ExchangeUserMapping",
      "id": "",
      "lastModifiedById": "0054x000003Qz1fAAC",
      "lastModifiedByName": "Tristan Wentworth",
      "lastModifiedDate": "1970-01-01T00:00:00.000Z",
      "namespacePrefix": "",
      "type": "CustomObject"
    },
    {
      "createdById": "0054x000003Qz1fAAC",
      "createdByName": "Tristan Wentworth",
      "createdDate": "1970-01-01T00:00:00.000Z",
      "fileName": "objects/CommSubscriptionTiming.object",
      "fullName": "CommSubscriptionTiming",
      "id": "",
      "lastModifiedById": "0054x000003Qz1fAAC",
      "lastModifiedByName": "Tristan Wentworth",
      "lastModifiedDate": "1970-01-01T00:00:00.000Z",
      "namespacePrefix": "",
      "type": "CustomObject"
    },
    {
      "createdById": "0054x000003Qz1fAAC",
      "createdByName": "Tristan Wentworth",
      "createdDate": "1970-01-01T00:00:00.000Z",
      "fileName": "objects/EngagementChannelType.object",
      "fullName": "EngagementChannelType",
      "id": "",
      "lastModifiedById": "0054x000003Qz1fAAC",
      "lastModifiedByName": "Tristan Wentworth",
      "lastModifiedDate": "1970-01-01T00:00:00.000Z",
      "namespacePrefix": "",
      "type": "CustomObject"
    },
    {
      "createdById": "0054x000003Qz1fAAC",
      "createdByName": "Tristan Wentworth",
      "createdDate": "1970-01-01T00:00:00.000Z",
      "fileName": "objects/ProductConsumptionSchedule.object",
      "fullName": "ProductConsumptionSchedule",
      "id": "",
      "lastModifiedById": "0054x000003Qz1fAAC",
      "lastModifiedByName": "Tristan Wentworth",
      "lastModifiedDate": "1970-01-01T00:00:00.000Z",
      "namespacePrefix": "",
      "type": "CustomObject"
    },
    {
      "createdById": "0054x000003Qz1fAAC",
      "createdByName": "Tristan Wentworth",
      "createdDate": "1970-01-01T00:00:00.000Z",
      "fileName": "objects/Account.object",
      "fullName": "Account",
      "id": "",
      "lastModifiedById": "0054x000003Qz1fAAC",
      "lastModifiedByName": "Tristan Wentworth",
      "lastModifiedDate": "1970-01-01T00:00:00.000Z",
      "namespacePrefix": "",
      "type": "CustomObject"
    },
    {
      "createdById": "0054x000003Qz1fAAC",
      "createdByName": "Tristan Wentworth",
      "createdDate": "1970-01-01T00:00:00.000Z",
      "fileName": "objects/CollaborationGroupMember.object",
      "fullName": "CollaborationGroupMember",
      "id": "",
      "lastModifiedById": "0054x000003Qz1fAAC",
      "lastModifiedByName": "Tristan Wentworth",
      "lastModifiedDate": "1970-01-01T00:00:00.000Z",
      "namespacePrefix": "",
      "type": "CustomObject"
    },
    {
      "createdById": "0054x000003Qz1fAAC",
      "createdByName": "Tristan Wentworth",
      "createdDate": "1970-01-01T00:00:00.000Z",
      "fileName": "objects/CardPaymentMethod.object",
      "fullName": "CardPaymentMethod",
      "id": "",
      "lastModifiedById": "0054x000003Qz1fAAC",
      "lastModifiedByName": "Tristan Wentworth",
      "lastModifiedDate": "1970-01-01T00:00:00.000Z",
      "namespacePrefix": "",
      "type": "CustomObject"
    },
    {
      "createdById": "0054x000003Qz1fAAC",
      "createdByName": "Tristan Wentworth",
      "createdDate": "1970-01-01T00:00:00.000Z",
      "fileName": "objects/OpportunityCompetitor.object",
      "fullName": "OpportunityCompetitor",
      "id": "",
      "lastModifiedById": "0054x000003Qz1fAAC",
      "lastModifiedByName": "Tristan Wentworth",
      "lastModifiedDate": "1970-01-01T00:00:00.000Z",
      "namespacePrefix": "",
      "type": "CustomObject"
    },
    {
      "createdById": "0054x000003Qz1fAAC",
      "createdByName": "Tristan Wentworth",
      "createdDate": "1970-01-01T00:00:00.000Z",
      "fileName": "objects/DuplicateRecordSet.object",
      "fullName": "DuplicateRecordSet",
      "id": "",
      "lastModifiedById": "0054x000003Qz1fAAC",
      "lastModifiedByName": "Tristan Wentworth",
      "lastModifiedDate": "1970-01-01T00:00:00.000Z",
      "namespacePrefix": "",
      "type": "CustomObject"
    },
    {
      "createdById": "0054x000003Qz1fAAC",
      "createdByName": "Tristan Wentworth",
      "createdDate": "1970-01-01T00:00:00.000Z",
      "fileName": "objects/Refund.object",
      "fullName": "Refund",
      "id": "",
      "lastModifiedById": "0054x000003Qz1fAAC",
      "lastModifiedByName": "Tristan Wentworth",
      "lastModifiedDate": "1970-01-01T00:00:00.000Z",
      "namespacePrefix": "",
      "type": "CustomObject"
    },
    {
      "createdById": "0054x000003Qz1fAAC",
      "createdByName": "Tristan Wentworth",
      "createdDate": "1970-01-01T00:00:00.000Z",
      "fileName": "objects/ContactPointPhone.object",
      "fullName": "ContactPointPhone",
      "id": "",
      "lastModifiedById": "0054x000003Qz1fAAC",
      "lastModifiedByName": "Tristan Wentworth",
      "lastModifiedDate": "1970-01-01T00:00:00.000Z",
      "namespacePrefix": "",
      "type": "CustomObject"
    },
    {
      "createdById": "0054x000003Qz1fAAC",
      "createdByName": "Tristan Wentworth",
      "createdDate": "1970-01-01T00:00:00.000Z",
      "fileName": "objects/ContactPointEmail.object",
      "fullName": "ContactPointEmail",
      "id": "",
      "lastModifiedById": "0054x000003Qz1fAAC",
      "lastModifiedByName": "Tristan Wentworth",
      "lastModifiedDate": "1970-01-01T00:00:00.000Z",
      "namespacePrefix": "",
      "type": "CustomObject"
    },
    {
      "createdById": "0054x000003Qz1fAAC",
      "createdByName": "Tristan Wentworth",
      "createdDate": "1970-01-01T00:00:00.000Z",
      "fileName": "objects/ActivityRecurrence2Exception.object",
      "fullName": "ActivityRecurrence2Exception",
      "id": "",
      "lastModifiedById": "0054x000003Qz1fAAC",
      "lastModifiedByName": "Tristan Wentworth",
      "lastModifiedDate": "1970-01-01T00:00:00.000Z",
      "namespacePrefix": "",
      "type": "CustomObject"
    },
    {
      "createdById": "0054x000003Qz1fAAC",
      "createdByName": "Tristan Wentworth",
      "createdDate": "1970-01-01T00:00:00.000Z",
      "fileName": "objects/MacroAction.object",
      "fullName": "MacroAction",
      "id": "",
      "lastModifiedById": "0054x000003Qz1fAAC",
      "lastModifiedByName": "Tristan Wentworth",
      "lastModifiedDate": "1970-01-01T00:00:00.000Z",
      "namespacePrefix": "",
      "type": "CustomObject"
    },
    {
      "createdById": "0054x000003Qz1fAAC",
      "createdByName": "Tristan Wentworth",
      "createdDate": "1970-01-01T00:00:00.000Z",
      "fileName": "objects/PromptAction.object",
      "fullName": "PromptAction",
      "id": "",
      "lastModifiedById": "0054x000003Qz1fAAC",
      "lastModifiedByName": "Tristan Wentworth",
      "lastModifiedDate": "1970-01-01T00:00:00.000Z",
      "namespacePrefix": "",
      "type": "CustomObject"
    },
    {
      "createdById": "0054x000003Qz1fAAC",
      "createdByName": "Tristan Wentworth",
      "createdDate": "1970-01-01T00:00:00.000Z",
      "fileName": "objects/DuplicateRecordItem.object",
      "fullName": "DuplicateRecordItem",
      "id": "",
      "lastModifiedById": "0054x000003Qz1fAAC",
      "lastModifiedByName": "Tristan Wentworth",
      "lastModifiedDate": "1970-01-01T00:00:00.000Z",
      "namespacePrefix": "",
      "type": "CustomObject"
    },
    {
      "createdById": "0054x000003Qz1fAAC",
      "createdByName": "Tristan Wentworth",
      "createdDate": "1970-01-01T00:00:00.000Z",
      "fileName": "objects/AuthorizationFormDataUse.object",
      "fullName": "AuthorizationFormDataUse",
      "id": "",
      "lastModifiedById": "0054x000003Qz1fAAC",
      "lastModifiedByName": "Tristan Wentworth",
      "lastModifiedDate": "1970-01-01T00:00:00.000Z",
      "namespacePrefix": "",
      "type": "CustomObject"
    },
    {
      "createdById": "0054x000003Qz1fAAC",
      "createdByName": "Tristan Wentworth",
      "createdDate": "1970-01-01T00:00:00.000Z",
      "fileName": "objects/MacroInstruction.object",
      "fullName": "MacroInstruction",
      "id": "",
      "lastModifiedById": "0054x000003Qz1fAAC",
      "lastModifiedByName": "Tristan Wentworth",
      "lastModifiedDate": "1970-01-01T00:00:00.000Z",
      "namespacePrefix": "",
      "type": "CustomObject"
    },
    {
      "createdById": "0054x000003Qz1fAAC",
      "createdByName": "Tristan Wentworth",
      "createdDate": "1970-01-01T00:00:00.000Z",
      "fileName": "objects/ScorecardAssociation.object",
      "fullName": "ScorecardAssociation",
      "id": "",
      "lastModifiedById": "0054x000003Qz1fAAC",
      "lastModifiedByName": "Tristan Wentworth",
      "lastModifiedDate": "1970-01-01T00:00:00.000Z",
      "namespacePrefix": "",
      "type": "CustomObject"
    },
    {
      "createdById": "0054x000003Qz1fAAC",
      "createdByName": "Tristan Wentworth",
      "createdDate": "1970-01-01T00:00:00.000Z",
      "fileName": "objects/FeedItem.object",
      "fullName": "FeedItem",
      "id": "",
      "lastModifiedById": "0054x000003Qz1fAAC",
      "lastModifiedByName": "Tristan Wentworth",
      "lastModifiedDate": "1970-01-01T00:00:00.000Z",
      "namespacePrefix": "",
      "type": "CustomObject"
    },
    {
      "createdById": "0054x000003Qz1fAAC",
      "createdByName": "Tristan Wentworth",
      "createdDate": "1970-01-01T00:00:00.000Z",
      "fileName": "objects/CommSubscription.object",
      "fullName": "CommSubscription",
      "id": "",
      "lastModifiedById": "0054x000003Qz1fAAC",
      "lastModifiedByName": "Tristan Wentworth",
      "lastModifiedDate": "1970-01-01T00:00:00.000Z",
      "namespacePrefix": "",
      "type": "CustomObject"
    },
    {
      "createdById": "0054x000003Qz1fAAC",
      "createdByName": "Tristan Wentworth",
      "createdDate": "1970-01-01T00:00:00.000Z",
      "fileName": "objects/SocialPersona.object",
      "fullName": "SocialPersona",
      "id": "",
      "lastModifiedById": "0054x000003Qz1fAAC",
      "lastModifiedByName": "Tristan Wentworth",
      "lastModifiedDate": "1970-01-01T00:00:00.000Z",
      "namespacePrefix": "",
      "type": "CustomObject"
    },
    {
      "createdById": "0054x000003Qz1fAAC",
      "createdByName": "Tristan Wentworth",
      "createdDate": "1970-01-01T00:00:00.000Z",
      "fileName": "objects/UserProvisioningRequest.object",
      "fullName": "UserProvisioningRequest",
      "id": "",
      "lastModifiedById": "0054x000003Qz1fAAC",
      "lastModifiedByName": "Tristan Wentworth",
      "lastModifiedDate": "1970-01-01T00:00:00.000Z",
      "namespacePrefix": "",
      "type": "CustomObject"
    },
    {
      "createdById": "0054x000003Qz1fAAC",
      "createdByName": "Tristan Wentworth",
      "createdDate": "1970-01-01T00:00:00.000Z",
      "fileName": "objects/Site.object",
      "fullName": "Site",
      "id": "",
      "lastModifiedById": "0054x000003Qz1fAAC",
      "lastModifiedByName": "Tristan Wentworth",
      "lastModifiedDate": "1970-01-01T00:00:00.000Z",
      "namespacePrefix": "",
      "type": "CustomObject"
    },
    {
      "createdById": "0054x000003Qz1fAAC",
      "createdByName": "Tristan Wentworth",
      "createdDate": "1970-01-01T00:00:00.000Z",
      "fileName": "objects/PaymentAuthorization.object",
      "fullName": "PaymentAuthorization",
      "id": "",
      "lastModifiedById": "0054x000003Qz1fAAC",
      "lastModifiedByName": "Tristan Wentworth",
      "lastModifiedDate": "1970-01-01T00:00:00.000Z",
      "namespacePrefix": "",
      "type": "CustomObject"
    },
    {
      "createdById": "0054x000003Qz1fAAC",
      "createdByName": "Tristan Wentworth",
      "createdDate": "1970-01-01T00:00:00.000Z",
      "fileName": "objects/EmailMessage.object",
      "fullName": "EmailMessage",
      "id": "",
      "lastModifiedById": "0054x000003Qz1fAAC",
      "lastModifiedByName": "Tristan Wentworth",
      "lastModifiedDate": "1970-01-01T00:00:00.000Z",
      "namespacePrefix": "",
      "type": "CustomObject"
    },
    {
      "createdById": "0054x000003Qz1fAAC",
      "createdByName": "Tristan Wentworth",
      "createdDate": "1970-01-01T00:00:00.000Z",
      "fileName": "objects/PricebookEntry.object",
      "fullName": "PricebookEntry",
      "id": "",
      "lastModifiedById": "0054x000003Qz1fAAC",
      "lastModifiedByName": "Tristan Wentworth",
      "lastModifiedDate": "1970-01-01T00:00:00.000Z",
      "namespacePrefix": "",
      "type": "CustomObject"
    },
    {
      "createdById": "0054x000003Qz1fAAC",
      "createdByName": "Tristan Wentworth",
      "createdDate": "1970-01-01T00:00:00.000Z",
      "fileName": "objects/ScorecardMetric.object",
      "fullName": "ScorecardMetric",
      "id": "",
      "lastModifiedById": "0054x000003Qz1fAAC",
      "lastModifiedByName": "Tristan Wentworth",
      "lastModifiedDate": "1970-01-01T00:00:00.000Z",
      "namespacePrefix": "",
      "type": "CustomObject"
    },
    {
      "createdById": "0054x000003Qz1fAAC",
      "createdByName": "Tristan Wentworth",
      "createdDate": "1970-01-01T00:00:00.000Z",
      "fileName": "objects/ContactRequest.object",
      "fullName": "ContactRequest",
      "id": "",
      "lastModifiedById": "0054x000003Qz1fAAC",
      "lastModifiedByName": "Tristan Wentworth",
      "lastModifiedDate": "1970-01-01T00:00:00.000Z",
      "namespacePrefix": "",
      "type": "CustomObject"
    },
    {
      "createdById": "0054x000003Qz1fAAC",
      "createdByName": "Tristan Wentworth",
      "createdDate": "1970-01-01T00:00:00.000Z",
      "fileName": "objects/OrgMetricScanSummary.object",
      "fullName": "OrgMetricScanSummary",
      "id": "",
      "lastModifiedById": "0054x000003Qz1fAAC",
      "lastModifiedByName": "Tristan Wentworth",
      "lastModifiedDate": "1970-01-01T00:00:00.000Z",
      "namespacePrefix": "",
      "type": "CustomObject"
    },
    {
      "createdById": "0054x000003Qz1fAAC",
      "createdByName": "Tristan Wentworth",
      "createdDate": "1970-01-01T00:00:00.000Z",
      "fileName": "objects/ContactPointTypeConsent.object",
      "fullName": "ContactPointTypeConsent",
      "id": "",
      "lastModifiedById": "0054x000003Qz1fAAC",
      "lastModifiedByName": "Tristan Wentworth",
      "lastModifiedDate": "1970-01-01T00:00:00.000Z",
      "namespacePrefix": "",
      "type": "CustomObject"
    },
    {
      "createdById": "0054x000003Qz1fAAC",
      "createdByName": "Tristan Wentworth",
      "createdDate": "1970-01-01T00:00:00.000Z",
      "fileName": "objects/DataUseLegalBasis.object",
      "fullName": "DataUseLegalBasis",
      "id": "",
      "lastModifiedById": "0054x000003Qz1fAAC",
      "lastModifiedByName": "Tristan Wentworth",
      "lastModifiedDate": "1970-01-01T00:00:00.000Z",
      "namespacePrefix": "",
      "type": "CustomObject"
    },
    {
      "createdById": "0054x000003Qz1fAAC",
      "createdByName": "Tristan Wentworth",
      "createdDate": "1970-01-01T00:00:00.000Z",
      "fileName": "objects/PartnerRole.object",
      "fullName": "PartnerRole",
      "id": "",
      "lastModifiedById": "0054x000003Qz1fAAC",
      "lastModifiedByName": "Tristan Wentworth",
      "lastModifiedDate": "1970-01-01T00:00:00.000Z",
      "namespacePrefix": "",
      "type": "CustomObject"
    },
    {
      "createdById": "0054x000003Qz1fAAC",
      "createdByName": "Tristan Wentworth",
      "createdDate": "1970-01-01T00:00:00.000Z",
      "fileName": "objects/Product2.object",
      "fullName": "Product2",
      "id": "",
      "lastModifiedById": "0054x000003Qz1fAAC",
      "lastModifiedByName": "Tristan Wentworth",
      "lastModifiedDate": "1970-01-01T00:00:00.000Z",
      "namespacePrefix": "",
      "type": "CustomObject"
    },
    {
      "createdById": "0054x000003Qz1fAAC",
      "createdByName": "Tristan Wentworth",
      "createdDate": "1970-01-01T00:00:00.000Z",
      "fileName": "objects/QuickText.object",
      "fullName": "QuickText",
      "id": "",
      "lastModifiedById": "0054x000003Qz1fAAC",
      "lastModifiedByName": "Tristan Wentworth",
      "lastModifiedDate": "1970-01-01T00:00:00.000Z",
      "namespacePrefix": "",
      "type": "CustomObject"
    },
    {
      "createdById": "0054x000003Qz1fAAC",
      "createdByName": "Tristan Wentworth",
      "createdDate": "1970-01-01T00:00:00.000Z",
      "fileName": "objects/Order.object",
      "fullName": "Order",
      "id": "",
      "lastModifiedById": "0054x000003Qz1fAAC",
      "lastModifiedByName": "Tristan Wentworth",
      "lastModifiedDate": "1970-01-01T00:00:00.000Z",
      "namespacePrefix": "",
      "type": "CustomObject"
    },
    {
      "createdById": "0054x000003Qz1fAAC",
      "createdByName": "Tristan Wentworth",
      "createdDate": "1970-01-01T00:00:00.000Z",
      "fileName": "objects/Contact.object",
      "fullName": "Contact",
      "id": "",
      "lastModifiedById": "0054x000003Qz1fAAC",
      "lastModifiedByName": "Tristan Wentworth",
      "lastModifiedDate": "1970-01-01T00:00:00.000Z",
      "namespacePrefix": "",
      "type": "CustomObject"
    },
    {
      "createdById": "0054x000003Qz1fAAC",
      "createdByName": "Tristan Wentworth",
      "createdDate": "1970-01-01T00:00:00.000Z",
      "fileName": "objects/Task.object",
      "fullName": "Task",
      "id": "",
      "lastModifiedById": "0054x000003Qz1fAAC",
      "lastModifiedByName": "Tristan Wentworth",
      "lastModifiedDate": "1970-01-01T00:00:00.000Z",
      "namespacePrefix": "",
      "type": "CustomObject"
    },
    {
      "createdById": "0054x000003Qz1fAAC",
      "createdByName": "Tristan Wentworth",
      "createdDate": "1970-01-01T00:00:00.000Z",
      "fileName": "objects/WorkThanks.object",
      "fullName": "WorkThanks",
      "id": "",
      "lastModifiedById": "0054x000003Qz1fAAC",
      "lastModifiedByName": "Tristan Wentworth",
      "lastModifiedDate": "1970-01-01T00:00:00.000Z",
      "namespacePrefix": "",
      "type": "CustomObject"
    },
    {
      "createdById": "0054x000003Qz1fAAC",
      "createdByName": "Tristan Wentworth",
      "createdDate": "1970-01-01T00:00:00.000Z",
      "fileName": "objects/Contract.object",
      "fullName": "Contract",
      "id": "",
      "lastModifiedById": "0054x000003Qz1fAAC",
      "lastModifiedByName": "Tristan Wentworth",
      "lastModifiedDate": "1970-01-01T00:00:00.000Z",
      "namespacePrefix": "",
      "type": "CustomObject"
    },
    {
      "createdById": "0054x000003Qz1fAAC",
      "createdByName": "Tristan Wentworth",
      "createdDate": "1970-01-01T00:00:00.000Z",
      "fileName": "objects/Asset.object",
      "fullName": "Asset",
      "id": "",
      "lastModifiedById": "0054x000003Qz1fAAC",
      "lastModifiedByName": "Tristan Wentworth",
      "lastModifiedDate": "1970-01-01T00:00:00.000Z",
      "namespacePrefix": "",
      "type": "CustomObject"
    },
    {
      "createdById": "0054x000003Qz1fAAC",
      "createdByName": "Tristan Wentworth",
      "createdDate": "1970-01-01T00:00:00.000Z",
      "fileName": "objects/ProcessException.object",
      "fullName": "ProcessException",
      "id": "",
      "lastModifiedById": "0054x000003Qz1fAAC",
      "lastModifiedByName": "Tristan Wentworth",
      "lastModifiedDate": "1970-01-01T00:00:00.000Z",
      "namespacePrefix": "",
      "type": "CustomObject"
    },
    {
      "createdById": "0054x000003Qz1fAAC",
      "createdByName": "Tristan Wentworth",
      "createdDate": "1970-01-01T00:00:00.000Z",
      "fileName": "objects/Activity.object",
      "fullName": "Activity",
      "id": "",
      "lastModifiedById": "0054x000003Qz1fAAC",
      "lastModifiedByName": "Tristan Wentworth",
      "lastModifiedDate": "1970-01-01T00:00:00.000Z",
      "namespacePrefix": "",
      "type": "CustomObject"
    },
    {
      "createdById": "0054x000003Qz1fAAC",
      "createdByName": "Tristan Wentworth",
      "createdDate": "1970-01-01T00:00:00.000Z",
      "fileName": "objects/Idea.object",
      "fullName": "Idea",
      "id": "",
      "lastModifiedById": "0054x000003Qz1fAAC",
      "lastModifiedByName": "Tristan Wentworth",
      "lastModifiedDate": "1970-01-01T00:00:00.000Z",
      "namespacePrefix": "",
      "type": "CustomObject"
    },
    {
      "createdById": "0054x000003Qz1fAAC",
      "createdByName": "Tristan Wentworth",
      "createdDate": "1970-01-01T00:00:00.000Z",
      "fileName": "objects/ChatterActivity.object",
      "fullName": "ChatterActivity",
      "id": "",
      "lastModifiedById": "0054x000003Qz1fAAC",
      "lastModifiedByName": "Tristan Wentworth",
      "lastModifiedDate": "1970-01-01T00:00:00.000Z",
      "namespacePrefix": "",
      "type": "CustomObject"
    },
    {
      "createdById": "0054x000003Qz1fAAC",
      "createdByName": "Tristan Wentworth",
      "createdDate": "1970-01-01T00:00:00.000Z",
      "fileName": "objects/OpportunityContactRole.object",
      "fullName": "OpportunityContactRole",
      "id": "",
      "lastModifiedById": "0054x000003Qz1fAAC",
      "lastModifiedByName": "Tristan Wentworth",
      "lastModifiedDate": "1970-01-01T00:00:00.000Z",
      "namespacePrefix": "",
      "type": "CustomObject"
    },
    {
      "createdById": "0054x000003Qz1fAAC",
      "createdByName": "Tristan Wentworth",
      "createdDate": "1970-01-01T00:00:00.000Z",
      "fileName": "objects/Opportunity.object",
      "fullName": "Opportunity",
      "id": "",
      "lastModifiedById": "0054x000003Qz1fAAC",
      "lastModifiedByName": "Tristan Wentworth",
      "lastModifiedDate": "1970-01-01T00:00:00.000Z",
      "namespacePrefix": "",
      "type": "CustomObject"
    },
    {
      "createdById": "0054x000003Qz1fAAC",
      "createdByName": "Tristan Wentworth",
      "createdDate": "1970-01-01T00:00:00.000Z",
      "fileName": "objects/ContactPointConsent.object",
      "fullName": "ContactPointConsent",
      "id": "",
      "lastModifiedById": "0054x000003Qz1fAAC",
      "lastModifiedByName": "Tristan Wentworth",
      "lastModifiedDate": "1970-01-01T00:00:00.000Z",
      "namespacePrefix": "",
      "type": "CustomObject"
    },
    {
      "createdById": "0054x000003Qz1fAAC",
      "createdByName": "Tristan Wentworth",
      "createdDate": "1970-01-01T00:00:00.000Z",
      "fileName": "objects/ContactCleanInfo.object",
      "fullName": "ContactCleanInfo",
      "id": "",
      "lastModifiedById": "0054x000003Qz1fAAC",
      "lastModifiedByName": "Tristan Wentworth",
      "lastModifiedDate": "1970-01-01T00:00:00.000Z",
      "namespacePrefix": "",
      "type": "CustomObject"
    }
  ]
}
