<?xml version="1.0" encoding="UTF-8"?>
<CustomField xmlns="http://soap.sforce.com/2006/04/metadata">
    <fullName>Mailing_Address__c</fullName>
    <externalId>false</externalId>
    <formula>Street__c &amp; BR() &amp; City__c  &amp; &quot; &quot; &amp; State__c &amp; &quot; &quot; &amp;  Zip_Code__c</formula>
    <formulaTreatBlanksAs>BlankAsZero</formulaTreatBlanksAs>
    <label>Mailing Address</label>
    <required>false</required>
    <trackTrending>false</trackTrending>
    <type>Text</type>
    <unique>false</unique>
</CustomField>
