<?xml version="1.0" encoding="UTF-8"?>
<CustomField xmlns="http://soap.sforce.com/2006/04/metadata">
    <fullName>Contact__c</fullName>
    <externalId>false</externalId>
    <label>Contact</label>
    <referenceTo>Contact</referenceTo>
    <relationshipLabel>Inhabitants</relationshipLabel>
    <relationshipName>Inhabitants</relationshipName>
    <relationshipOrder>1</relationshipOrder>
    <reparentableMasterDetail>false</reparentableMasterDetail>
    <trackTrending>false</trackTrending>
    <type>MasterDetail</type>
    <writeRequiresMasterRead>false</writeRequiresMasterRead>
</CustomField>
