<?xml version="1.0" encoding="UTF-8"?>
<RecordType xmlns="http://soap.sforce.com/2006/04/metadata">
    <fullName>Package</fullName>
    <active>true</active>
    <label>Package</label>
    <picklistValues>
        <picklist>Delivered__c</picklist>
        <values>
            <fullName>At Carrier Facility</fullName>
            <default>true</default>
        </values>
        <values>
            <fullName>Delivered</fullName>
            <default>false</default>
        </values>
        <values>
            <fullName>Missing</fullName>
            <default>false</default>
        </values>
        <values>
            <fullName>Out for Delivery</fullName>
            <default>false</default>
        </values>
    </picklistValues>
</RecordType>
