<?xml version="1.0" encoding="UTF-8"?>
<Flow xmlns="http://soap.sforce.com/2006/04/metadata">
    <apiVersion>51.0</apiVersion>
    <assignments>
        <name>Take_Away_Account</name>
        <label>Take Away Account</label>
        <locationX>176</locationX>
        <locationY>311</locationY>
        <assignmentItems>
            <assignToReference>$Record.AccountId</assignToReference>
            <operator>Assign</operator>
            <value>
                <stringValue/>
            </value>
        </assignmentItems>
        <assignmentItems>
            <assignToReference>$Record.Title</assignToReference>
            <operator>Assign</operator>
            <value>
                <stringValue>Edited</stringValue>
            </value>
        </assignmentItems>
    </assignments>
    <interviewLabel>No Royal Mail Account Contacts {!$Flow.CurrentDateTime}</interviewLabel>
    <label>No Royal Mail Account Contacts</label>
    <processMetadataValues>
        <name>BuilderType</name>
        <value>
            <stringValue>LightningFlowBuilder</stringValue>
        </value>
    </processMetadataValues>
    <processMetadataValues>
        <name>CanvasMode</name>
        <value>
            <stringValue>AUTO_LAYOUT_CANVAS</stringValue>
        </value>
    </processMetadataValues>
    <processMetadataValues>
        <name>OriginBuilderType</name>
        <value>
            <stringValue>LightningFlowBuilder</stringValue>
        </value>
    </processMetadataValues>
    <processType>AutoLaunchedFlow</processType>
    <start>
        <locationX>50</locationX>
        <locationY>0</locationY>
        <connector>
            <targetReference>Take_Away_Account</targetReference>
        </connector>
        <filterLogic>and</filterLogic>
        <filters>
            <field>AccountId</field>
            <operator>EqualTo</operator>
            <value>
                <stringValue>0014x00000EjU6CAAV</stringValue>
            </value>
        </filters>
        <object>Contact</object>
        <recordTriggerType>CreateAndUpdate</recordTriggerType>
        <triggerType>RecordBeforeSave</triggerType>
    </start>
    <status>Active</status>
</Flow>
